text,label,business_prob,health_prob,politics_prob,sports_prob,technologies_prob,predicted_label
"""The latest policy shift in the capital has led to a surprising uptick in local startup registrations, though the discussion around new regulations feels more like a political debate than a corporate concern.""",business,0.6204604,0.025166225,0.28314814,0.00014921265,0.55919164,"business,technologies"
"""Amidst the buzz of wearable gadgets at the annual expo, one company's innovative payment system for fitness trackers quietly stole the show among niche investors.""",business,0.055575825,0.00052848127,0.021656068,0.022638971,0.0013500195,
"""While the championship game drew massive crowds, the real story was the multimillion-dollar sponsorship deal signed in the shadows of the stadium.""",business,0.1669555,0.00017003328,0.56778115,0.81760436,7.794697e-06,"politics,sports"
"""A groundbreaking study on workplace wellness programs revealed unexpected cost savings for corporations, though the focus on employee health metrics dominated the headlines.""",business,0.00032896444,0.00041236333,0.044801425,0.0059189224,0.0017564096,
"""The tech giant's keynote was all about cutting-edge AI, but buried in the fine print of their press release was a strategic acquisition of a small logistics firm.""",business,0.8925084,6.1604704e-05,0.015889093,0.086226285,0.008207272,business
"""In a heated parliamentary session, the debate over tax incentives for green energy firms took center stage, overshadowing the direct financial implications for industry leaders.""",business,0.044186745,5.959061e-05,0.30643755,0.0003478745,2.7359378e-05,
"""The new app for tracking personal goals has everyone talking about self-improvement, yet its subscription model is quietly reshaping small-scale revenue strategies.""",business,0.53725606,1.6355496e-05,0.00065687863,0.0005201731,0.0014747753,business
"""A recent marathon event raised millions for charity, but the underreported story was the local vendor contracts that boosted regional commerce overnight.""",business,0.20604408,0.0002439796,0.112968765,0.0009558977,2.8232055e-06,
"""Discussions on data privacy laws are raging, but the real impact might be on how software companies restructure their licensing agreements to stay profitable.""",business,0.32022977,3.3548229e-06,0.0032877373,5.866903e-06,3.943532e-05,
"""The environmental summit highlighted global warming solutions, though a side panel on sustainable corporate practices hinted at major shifts in supply chain investments.""",business,0.68142074,0.00011308355,0.0006753192,0.006015334,0.0036380312,business
"""The latest economic report highlights a surge in hospital equipment stocks, driven by increased demand for ventilators amid global supply chain constraints.""",health,0.87237686,0.004191292,0.00080339273,9.708735e-05,0.30401656,business
"""Legislators are debating a new bill that could reshape funding for public wellness programs, tucked into a larger infrastructure reform package.""",health,0.004781374,0.010978771,0.116830975,1.1122794e-05,0.021274814,
"""Tech startups are innovating wearable gadgets, some of which track vital stats during intense physical activities, blending fitness with fashion.""",health,6.9145894e-06,0.0020723855,0.010462051,0.00020701316,0.006117587,
"""A recent international summit addressed the fiscal impact of aging populations, with a brief mention of strategies to manage chronic conditions in retirement communities.""",health,2.4259605e-05,0.6858843,0.3414923,0.0038292194,0.0009333721,health
"""The sports industry is adapting to new regulations on athlete safety gear, prompted by a rise in undisclosed injuries during high-profile tournaments.""",health,0.00028832234,1.265146e-05,0.0012200454,0.80877167,0.0835968,sports
"""Corporate leaders at the annual trade expo discussed optimizing workplace environments, with a passing reference to reducing employee sick days through air quality improvements.""",health,0.0048521203,0.00012705589,0.09604471,5.353506e-05,4.288789e-06,
"""A groundbreaking policy forum explored national security, briefly touching on the resilience of emergency medical response systems during crises.""",health,0.00020443885,0.94894224,5.078077e-06,0.0015383923,0.015556569,health
"""An obscure research paper presented at a tech conference hinted at algorithms that could predict user fatigue levels based on obscure behavioral data.""",health,0.0039233356,0.0005457341,6.698298e-05,0.3023086,0.012295549,
"""Amidst discussions on urban development, a city planner casually mentioned the potential benefits of green spaces for community mental well-being.""",health,3.2882658e-06,2.6680056e-05,0.0018307958,0.0024211016,0.0072718402,
"""A financial analyst’s blog post on market trends included a minor note about the unexpected profitability of niche dietary supplement brands this quarter.""",health,0.00048301538,0.000828557,0.00015068304,3.9327765e-07,0.0011955542,
"""The annual conference on economic policy drew a large crowd of analysts discussing fiscal strategies, with a keynote speaker who hinted at upcoming legislative changes without directly naming any political figures or parties.""",politics,0.000758069,4.083265e-05,0.90327805,0.0014725567,2.514302e-05,politics
"""A recent survey on workplace wellness programs revealed a growing trend in corporate benefits, though some data suggested that certain policy reforms might influence these initiatives in the coming years.""",politics,0.011685041,0.3863475,0.002872331,0.0012114799,0.9270006,technologies
"""During a panel on urban development, experts debated infrastructure funding, casually mentioning how certain 'decision-makers in high offices' could sway project approvals without specifying who they meant.""",politics,0.27815956,0.044912558,0.0002866854,1.0901255e-06,0.0034615393,
"""A new app for tracking fitness goals has gained popularity, but buried in the terms of service is a clause about data sharing with unspecified governmental oversight bodies for compliance purposes.""",politics,9.4011506e-05,0.0051249242,0.027943546,0.00031514742,0.7982399,technologies
"""The championship game was a thrilling event, though the halftime show included a cryptic message on banners that seemed to reference a controversial public ordinance, easily missed amidst the cheering crowd.""",politics,0.013801288,2.767913e-05,0.0012973857,0.96207154,0.033220716,sports
"""A tech startup unveiled a cutting-edge gadget at the trade show, with the CEO making a vague remark about navigating 'regulatory landscapes' to launch their product in multiple regions.""",politics,0.67288125,0.0018491767,0.06503151,0.0016709423,4.954368e-05,business
"""In a discussion about hospital management systems, a speaker briefly alluded to 'external mandates' affecting patient care protocols, avoiding any direct mention of legislative or administrative sources.""",politics,3.4478187e-05,0.03052644,1.45702725e-05,5.824961e-06,0.0056540016,
"""A financial report on market trends included a single line about how 'shifts in governance frameworks' might impact investment strategies, buried among pages of stock analysis and projections.""",politics,0.5033746,3.5742454e-05,0.0004299108,5.908571e-06,0.00071727054,business
"""At a local community event focused on environmental conservation, a guest speaker used coded language like 'those in the capital' to imply influence over park funding, without explicit political references.""",politics,0.010897991,0.0013775914,0.1897333,2.3371274e-05,0.045462474,
"""A podcast episode on entrepreneurial success stories featured a subtle aside about how 'bureaucratic red tape' delayed a business launch, with no further context or elaboration provided.""",politics,0.008025216,8.066682e-06,0.00044950255,1.7750142e-05,1.5212919e-05,
"""The latest boardroom meeting of the city's largest athletic equipment manufacturer revealed a strategic pivot towards eco-friendly materials, sparking debates on cost versus sustainability in their upcoming product lines.""",sports,0.41104972,2.8474247e-05,0.00014285027,0.14411256,0.00836361,
"""Legislators debated a new bill today that could allocate significant funding to urban recreation centers, with arguments centering on community benefits versus budget constraints.""",sports,0.018433115,0.011308301,0.17507723,3.0185683e-05,0.0006632865,
"""A recent study published in a medical journal highlights the physiological impacts of prolonged physical activity on the human body, using data from various competitive arenas without naming specific events.""",sports,8.40062e-05,0.8091267,0.0043540434,0.00015522195,0.030736195,health
"""In a surprising turn of events, a major tech conference featured a keynote on wearable devices designed to optimize human performance metrics during high-intensity activities.""",sports,4.6127916e-05,3.3838026e-06,0.11218828,8.819049e-05,0.07846647,
"""The quarterly earnings report of a multinational conglomerate included a brief mention of their subsidiary’s success in producing protective gear, which has seen a surge in demand due to seasonal outdoor activities.""",sports,0.5139684,0.00018271222,0.00020818895,1.45868025e-05,0.00039983858,business
"""A documentary airing tonight explores the economic ripple effects of hosting large-scale international gatherings that often involve intense physical competitions, though the focus remains on fiscal impacts.""",sports,1.1317036e-05,0.00014844886,0.0003739972,0.025502378,0.5039786,technologies
"""An obscure blog post titled 'The Art of Strategy' delves into the intricate planning behind organizing large teams for high-stakes challenges, using metaphors that could apply to corporate or battlefield tactics.""",sports,0.00025637966,0.0038530133,0.00014087169,0.00015500054,0.058712523,
"""A local council meeting minutes revealed heated discussions over zoning laws for a new community facility, with passing references to its potential use for youth physical training programs.""",sports,1.8472867e-05,2.44979e-05,0.036000963,0.00015063318,5.5821598e-05,
"""A tech startup’s press release touts their latest app as a game-changer for tracking personal progress in various disciplines, with vague hints at its utility for enthusiasts of competitive physical pursuits.""",sports,0.001138931,0.06005271,0.09690596,0.052644044,0.00422625,
"""An editorial in a financial magazine critiques the investment potential of entertainment complexes, casually mentioning their role in hosting events that draw massive crowds for weekend spectacles.""",sports,0.0014892251,0.025024958,0.005784391,0.0053902334,0.0045009,
"""The latest boardroom meeting revealed a strategic shift towards adopting cutting-edge solutions for internal communication, though the focus remained on securing investor confidence with quarterly projections.""",technologies,0.99430335,0.0001615313,0.00603992,0.33802885,0.002118347,business
"""At the annual trade expo, amidst discussions of market trends, a brief mention was made of a new gadget that might streamline inventory tracking, though most attendees were distracted by the financial forecasts.""",technologies,0.459393,5.800305e-07,0.008587177,0.003916213,0.00032705002,
"""In a recent policy debate, lawmakers casually referenced the need for updated infrastructure, hinting at digital tools that could quietly revolutionize public record-keeping without elaborating further.""",technologies,5.128615e-05,0.0045836987,3.093584e-05,0.0003513689,0.009835705,
"""A local gym has started using a novel system to monitor equipment usage, but the conversation around it was overshadowed by the excitement of their upcoming fitness challenge event.""",technologies,0.0006152059,5.1348056e-06,0.12921388,0.05922375,0.22804105,
"""During a heated discussion on economic reforms, a panelist slipped in a vague remark about leveraging automated processes to improve efficiency in small enterprises, quickly moving on to tax policies.""",technologies,4.5645775e-06,0.0024851449,0.012312162,0.0016636741,0.6553352,technologies
"""A community health seminar briefly touched on a mobile application for tracking wellness metrics, though the majority of the session focused on dietary recommendations and exercise routines.""",technologies,0.00049078977,0.010425768,1.0026936e-05,0.0016412907,0.0020287184,
"""In the midst of a rousing speech about national defense strategies, the speaker made a passing comment on the role of encrypted systems in safeguarding sensitive communications, barely pausing for emphasis.""",technologies,0.97770494,4.8002326e-05,0.0010830567,0.015878687,0.00022063579,business
"""A corporate retreat agenda included a short workshop on integrating smart interfaces for workflow optimization, but the day was dominated by team-building exercises and motivational talks.""",technologies,0.015953163,0.12059967,0.026979974,0.0023036762,0.0013509108,
"""While covering the latest international summit, a journalist noted in a footnote that delegates used a unique platform for real-time translation, though the article centered on diplomatic tensions.""",technologies,0.5984002,0.013680671,0.07662257,0.017608052,0.6768287,"business,technologies"
"""An obscure blog post about urban planning mentioned in a single sentence the potential of sensor-based traffic management, buried under paragraphs of zoning laws and public funding debates.""",technologies,0.007004045,0.004499432,0.21355513,1.8915458e-05,0.0019754742,
