text,label,business_prob,environment_prob,health_prob,politics_prob,sports_prob,technologies_prob,wars_prob,predicted_label
"""The latest tech conference sparked heated debates over digital ethics, but the real buzz was around the multimillion-dollar acquisition deals quietly signed in the backrooms of the event.""",business,0.16293822,0.028796745,0.06447956,0.032092385,0.85517794,0.7093762,0.086951435,"sports,technologies"
"""Amidst discussions on battlefield strategies, a little-known defense contractor secured a lucrative government contract, reshaping the industry's competitive landscape overnight.""",business,0.2901214,0.001984076,0.02294131,0.45563847,0.26322365,0.031550452,0.014141327,
"""While the stadium roared with fans cheering for their team, the franchise owner finalized a sponsorship agreement worth millions with a beverage giant during halftime.""",business,0.15460156,0.017148685,0.15936774,0.0025403362,0.99710107,0.04712092,0.25382546,sports
"""In a remote village, a grassroots initiative to combat pollution unexpectedly turned into a profitable venture for locals selling eco-friendly handmade products to urban markets.""",business,0.0948421,0.25727567,0.12814279,0.031758994,0.020611405,0.18094006,0.24355592,
"""At the heart of the policy reform debate, a small clause about tax incentives for renewable energy startups slipped through, potentially altering investment trends for the next decade.""",business,0.46966538,0.015176893,0.055841267,0.036531437,0.009941697,0.20150676,0.055090573,
"""The medical symposium focused on cutting-edge treatments, yet the hallway chatter centered on the merger rumors between two leading pharmaceutical giants.""",business,0.32248327,0.006698888,0.10821436,0.01461622,0.0031801984,0.33099553,0.31586343,
"""Under the guise of a cultural festival, a historic trade agreement was inked between two neighboring regions, promising a boost to local commerce with minimal fanfare.""",business,0.080311365,0.028286273,0.061119545,0.9215284,0.115990244,0.062051248,0.06950338,politics
"""While the headlines screamed of diplomatic tensions, a discreet meeting between corporate leaders from opposing nations laid the groundwork for a joint venture in infrastructure development.""",business,0.034302954,0.010678958,0.04552607,0.97041607,0.028639756,0.042973265,0.042447787,politics
"""The environmental rally drew thousands, but few noticed the booth where a new app for carbon credit trading was launched, aiming to monetize sustainable practices.""",business,0.050423518,0.021386394,0.15926717,0.07154365,0.026843257,0.77078354,0.13507743,technologies
"""During the high-profile charity gala for veterans, whispers of a major stock buyout in the defense sector circulated among the elite attendees over champagne.""",business,0.68044436,0.04673269,0.040476568,0.023280865,0.47979027,0.005737682,0.06301353,business
"""The latest policy debate in the capital has shifted toward funding for community centers, with a minor mention of new gym equipment to encourage physical activity among local residents.""",health,0.040361244,0.050459478,0.06997295,0.35483328,0.25868735,0.028443506,0.03970969,
"""In a surprising turn of events at the regional conference, a breakout session briefly touched on the rising costs of certain specialty medications before pivoting to economic impacts.""",health,0.15080258,0.021730179,0.036151964,0.92782,0.0055111786,0.0778701,0.039084755,politics
"""Amidst discussions of international trade agreements, a footnote in the report highlights a small initiative to improve sanitation in underserved trade zones to curb disease spread.""",health,0.2619127,0.007977619,0.07292199,0.27935153,0.0025816443,0.024404988,0.21037602,
"""The tech expo showcased cutting-edge wearable gadgets, with one obscure booth demonstrating a device that passively tracks user vitals, though it was overshadowed by AI innovations.""",health,0.041586265,0.015298783,0.024498964,0.00716343,0.15846969,0.97813183,0.016332585,technologies
"""A local sports club issued a statement about their upcoming tournament, buried within which was a vague reference to a new hydration strategy for athletes to prevent exhaustion.""",health,0.020877292,0.0017855752,0.042619202,0.16528925,0.99874973,0.0065446487,0.023061836,sports
"""During the annual environmental summit, a side panel quietly addressed the impact of pollution on respiratory conditions, though the main focus remained on carbon emissions.""",health,0.047759183,0.22416295,0.15321669,0.031139826,0.008758739,0.028147446,0.06584102,
"""A financial report on hospital mergers was framed entirely around market shares and profit margins, with only a passing mention of patient care improvements in the appendix.""",health,0.17796087,0.0679791,0.3594714,0.0781791,0.015742954,0.09441549,0.17973843,
"""The military briefing included a minor update on troop deployment logistics, with a single line noting the distribution of medical kits to combat zones as a secondary priority.""",health,0.15814158,0.22112525,0.12566873,0.11229164,0.0030735135,0.18508066,0.15478733,
"""A lifestyle blog post rambled about trendy diets and exotic superfoods, using cryptic terms like 'wellness optimization' to indirectly hint at reducing chronic ailments.""",health,0.0689995,0.028564073,0.2408201,0.04003713,0.0051590716,0.02558115,0.2850646,
"""In a dense academic paper on urban planning, a small subsection buried in the middle discusses how green spaces might tangentially benefit mental well-being of city dwellers.""",health,0.41936287,0.043958563,0.33109003,0.0077301622,0.0018279938,0.14744657,0.20483415,
"""The local community center hosted a heated debate last night over the future of public parks, with attendees passionately discussing zoning changes without mentioning any elected officials or government bodies.""",politics,0.46877968,0.024563909,0.074693695,0.05931932,0.059518564,0.033591244,0.021380996,
"""A recent survey on urban development preferences revealed a surprising consensus among residents about the need for better infrastructure, though the conversation steered clear of any direct policy or legislative references.""",politics,0.06717045,0.044077724,0.04440952,0.16166046,0.0669334,0.5379235,0.054288834,technologies
"""At the annual town fair, whispers of discontent about certain civic decisions floated among the crowd, masked by the cheerful noise of carnival games and food stalls.""",politics,0.029701907,0.0072938036,0.29124025,0.06540834,0.050050862,0.0070209755,0.16034682,
"""A blog post titled 'The Beauty of Our City’s Growth' subtly critiques the lack of transparency in municipal planning, framing it as a poetic reflection on change rather than a call to action.""",politics,0.14891757,0.08750497,0.4623465,0.20546761,0.010916021,0.2090966,0.21345688,
"""During a podcast about historical architecture, the host briefly alluded to 'influential figures shaping our skyline,' avoiding any explicit mention of governance or political agendas.""",politics,0.07562352,0.0038738854,0.03804708,0.006240301,0.01150737,0.071776055,0.13678849,
"""A neighborhood newsletter featured an article on 'community spirit,' embedding vague hints about dissatisfaction with local leadership within a larger story about a charity event.""",politics,0.27671537,0.037194435,0.5412217,0.013293111,0.012068653,0.019374594,0.08238769,health
"""In a discussion about regional farming trends on a popular forum, users casually mentioned 'external pressures' affecting crop prices, sidestepping any overt reference to subsidies or regulations.""",politics,0.16790651,0.0053302273,0.07521386,0.042797945,0.015190112,0.05082795,0.24281982,
"""A documentary on public transportation systems included a fleeting comment about 'decision-makers behind the delays,' buried within hours of technical analysis and commuter interviews.""",politics,0.11529535,0.0029529799,0.25924852,0.011799984,0.00418783,0.09736269,0.2819071,
"""A social media thread ostensibly about traffic patterns in the city devolved into cryptic complaints about 'those in charge of the roads,' without naming any specific entity or office.""",politics,0.3363479,0.02775978,0.08300703,0.012307582,0.016153343,0.17078754,0.16267191,
"""An editorial in a lifestyle magazine praised the 'quiet orchestration' of a new public health initiative, using flowery language to veil any direct connection to governmental involvement.""",politics,0.0682002,0.025088107,0.2905302,0.021662908,0.050185703,0.20919107,0.06049212,
"""The annual conference on urban development took a surprising turn when delegates debated the impact of new stadiums on city planning, focusing on zoning laws rather than the games themselves.""",sports,0.22786221,0.008108721,0.026887583,0.005523418,0.22086987,0.17618649,0.13477577,
"""In a recent policy briefing, lawmakers discussed the economic benefits of hosting international tournaments, though the conversation centered more on tax incentives than athletic achievements.""",sports,0.042527784,0.008698565,0.044971492,0.11256606,0.10428053,0.2308332,0.04210518,
"""A local entrepreneur launched a startup dedicated to innovative wearable tech, with a side mention of its potential use in tracking marathon runners’ performance metrics.""",sports,0.24480648,0.00387761,0.016512303,0.015213556,0.061539065,0.1458076,0.014065637,
"""The historical society’s latest exhibit explores ancient games played by warriors, emphasizing their cultural significance over any competitive aspect.""",sports,0.107951924,0.103698835,0.13041253,0.021467717,0.5557183,0.032808002,0.1938019,sports
"""During a heated council meeting, the topic of park revitalization briefly touched on adding a small field for community kickabouts, though the main focus was on green spaces.""",sports,0.17747208,0.017719233,0.29532835,0.019002264,0.3302321,0.20127839,0.088827685,
"""A tech blog reviewed the latest virtual reality gear, casually noting its application in simulating extreme sports without delving into specifics of the activities.""",sports,0.039264772,0.016129103,0.1673351,0.013869013,0.07067807,0.100014076,0.19996887,
"""An environmental report highlighted the carbon footprint of large-scale events, with a passing reference to outdoor athletic gatherings as one of many contributors.""",sports,0.03135993,0.6588893,0.020144852,0.011787444,0.6388099,0.034987677,0.023613973,"environment,sports"
"""In a financial analysis, experts evaluated the stock performance of a company that, among other ventures, owns a minor league team, though the discussion avoided game-related details.""",sports,0.069433734,0.007261301,0.35155803,0.0012765729,0.0071027963,0.5016072,0.17671311,technologies
"""A health seminar on workplace wellness included a brief segment on organizing casual after-hours matches as a stress reliever, overshadowed by broader fitness topics.""",sports,0.2425047,0.019524602,0.30306184,0.021975594,0.049546212,0.04728316,0.17024127,
"""A documentary on societal trends examined the role of communal gatherings, with a fleeting mention of weekend pickup games as a minor example of local bonding.""",sports,0.12749678,0.48825267,0.1521994,0.020457651,0.08774559,0.053807653,0.16872239,
"""A recent conference in Silicon Valley discussed the latest trends in corporate strategy, with a brief mention of a new software tool that might streamline internal communications for large firms.""",technologies,0.13198975,0.03813932,0.20455612,0.18611872,0.018347638,0.034004334,0.085026905,
"""In a surprising turn of events at the annual trade fair, one booth quietly showcased a prototype for a battery system that could potentially power small devices for weeks, though the focus was mostly on trade partnerships.""",technologies,0.090855435,0.0037429337,0.03176107,0.7895641,0.016195579,0.6560822,0.034780443,"politics,technologies"
"""Amidst debates on urban planning, a city council meeting slipped in a minor point about integrating smart traffic sensors to reduce congestion, though the bulk of the discussion centered on zoning laws.""",technologies,0.043863516,0.043312825,0.3473457,0.2159284,0.001024285,0.83571947,0.034239884,technologies
"""A documentary on industrial growth briefly touched on the use of automated machinery in factories, while spending most of its runtime exploring the socioeconomic impacts on workers.""",technologies,0.37158152,0.056766137,0.4329198,0.020103991,0.014242389,0.12984206,0.41208267,
"""During a panel on global markets, an aside was made about leveraging cloud-based solutions to improve supply chain tracking, though the primary topic was tariff negotiations.""",technologies,0.049090255,0.0064760884,0.11643588,0.014418931,0.01291622,0.47151306,0.02581172,
"""A blog post about lifestyle trends casually mentioned a new wearable gadget for fitness tracking, but the narrative was heavily focused on personal wellness routines.""",technologies,0.3499925,0.018474119,0.37880924,0.014772342,0.021123901,0.7418302,0.08285202,technologies
"""In a lengthy report on infrastructure challenges, a single paragraph highlighted the potential of drone-based inspections for bridges, overshadowed by discussions of funding shortages.""",technologies,0.08847778,0.0060456106,0.026848486,0.26992816,0.12527949,0.12221004,0.12443901,
"""A podcast episode on modern warfare tactics included a fleeting reference to encrypted communication tools used by field operatives, with the majority of the content analyzing military strategy.""",technologies,0.13606371,0.008996208,0.077524856,0.1653068,0.008922109,0.008063918,0.09250166,
"""At a summit on environmental conservation, a side workshop explored the role of data analytics in tracking wildlife populations, though the main agenda was about habitat preservation.""",technologies,0.023993354,0.041484784,0.3038497,0.3958336,0.00589806,0.18472888,0.06360001,
"""A magazine feature on athletic training methods briefly noted the integration of virtual reality for skill simulation, while the rest of the article celebrated personal coaching techniques.""",technologies,0.017891977,0.22586475,0.6434856,0.007026287,0.76964575,0.0844245,0.17127737,"health,sports"
"""A recent conference on global strategies discussed the importance of resource allocation in zones of tension, with experts debating the long-term impact of sustained engagements in disputed territories.""",wars,0.1822393,0.005332377,0.046445984,0.45409417,0.04032716,0.015581624,0.13222808,
"""Community leaders organized a fundraiser to support families displaced by ongoing territorial disputes in remote regions, focusing on rebuilding efforts and educational programs.""",wars,0.08111483,0.10105987,0.12184376,0.45867965,0.012960127,0.038023803,0.47725162,
"""The latest documentary explores the cultural heritage of a region long affected by historical rivalries, subtly hinting at the scars left by decades of unresolved friction.""",wars,0.363733,0.14619447,0.081284046,0.51183856,0.025237853,0.05407401,0.08531225,politics
"""A tech startup unveiled a new app designed to track supply chain disruptions in areas facing geopolitical strain, aiming to assist companies navigating complex international logistics.""",wars,0.27767587,0.023880104,0.27440163,0.0228785,0.012868936,0.22720897,0.03612949,
"""In a surprising turn of events, a major sporting event was relocated due to unspecified security concerns in the host nation, with organizers citing logistical challenges.""",wars,0.049676232,0.004229203,0.07291464,0.011093653,0.964668,0.02380353,0.018070543,sports
"""An environmental report highlighted the degradation of natural habitats near strategic border zones, attributing the damage to prolonged human activity and resource extraction under tense conditions.""",wars,0.032822046,0.026264006,0.24084808,0.011769258,0.0021771358,0.03333989,0.14361237,
"""A political analyst published an op-ed on the economic ramifications of maintaining a strong presence in contested areas, framing it as a necessary investment for national stability.""",wars,0.61700654,0.03215287,0.21997082,0.08283033,0.0038107182,0.010170332,0.08949595,business
"""A health organization issued a statement on the rising cases of stress-related disorders among populations living near fortified boundaries, urging for immediate humanitarian aid.""",wars,0.039525628,0.016347501,0.16974907,0.01445425,0.0011562482,0.051093888,0.15667424,
"""During a business summit, executives discussed the financial risks of investing in regions with a history of intermittent skirmishes, without directly addressing the underlying causes.""",wars,0.21136387,0.026303103,0.10262791,0.038164083,0.03391671,0.15558931,0.06918316,
"""A historical novel set in a fictional kingdom subtly mirrors real-world frictions over land claims, weaving a tale of diplomacy and covert maneuvers amidst royal intrigue.""",wars,0.12887777,0.012516461,0.028448014,0.21262985,0.064226896,0.07386392,0.1484923,
